[
	// Ruby
	{
		"name": "Ruby",
		"type": "toggle",
		"loop": "true",
		"img": "images/39_ruby.png",
		"codes": "ruby, sylvainruby"
	},
	// Ship
	{
		"name": "Ship",
		"type": "toggle",
		"loop": "true",
		"img": "images/ShipCustom16x16c.png",
		"codes": "ship, boat"
	},
	// Airplane
	{
		"name": "Airplane",
		"type": "toggle",
		"loop": "true",
		"img": "images/AirplaneCustom16x16.png",
		"codes": "airplane, plane"
	},
	// Bombs
	{
    "name": "Bombs",
    "type": "progressive",
    "loop": "false",
    "allow_disabled": "false",
    "stages": [
      {
        "img": "images/48_TimeBomb.png",
        "img_mods": "@disabled"
      },
      {
        "img": "images/48_TimeBomb_1.png",
        "codes": "bombs, timebombs"
      },
      {
        "img": "images/48_TimeBomb_2.png"
      },
      {
        "img": "images/48_TimeBomb_3.png"
      },
	  {
        "img": "images/48_TimeBomb_4.png"
      },
	  {
        "img": "images/48_TimeBomb_5.png"
      },
	  {
        "img": "images/48_TimeBomb_6.png"
      },
      {
        "img": "images/48_TimeBomb_7.png"
      }
    ]
  },
	// Flippers
	{
		"name": "Giant Leaves",
		"type": "toggle",
		"loop": "true",
		"img": "images/7C_GiantLeaves.png",
		"codes": "flippers, giantleaves, swimmingleave"
	},
	// Claws
	{
		"name": "Sharp Claws",
		"type": "toggle",
		"loop": "true",
		"img": "images/7D_SharpClaws.png",
		"codes": "claws, sharpclaws, birdclaws"
	},
	// Boots
	{
		"name": "Speed Shoes",
		"type": "toggle",
		"loop": "true",
		"img": "images/7B_SpeedShoes.png",
		"codes": "boots, speedboots, speedshoes"
	},
	// Air Herb
	{
		"name": "Air Herb",
		"type": "toggle",
		"loop": "true",
		"img": "images/7E_AirHerb.png",
		"codes": "airherb, herb"
	},
	// Starstones
	{
    "name": "Starstones",
    "type": "progressive",
    "loop": "false",
    "allow_disabled": "false",
    "stages": [
      {
        "img": "images/4C_Starstone.png",
        "img_mods": "@disabled"
      },
      {
        "img": "images/4C_Starstone_1.png",
        "codes": "starstones"
      },
      {
        "img": "images/4C_Starstone_2.png"
      },
      {
        "img": "images/4C_Starstone_3.png"
      },
	  {
        "img": "images/4C_Starstone_4.png"
      },
	  {
        "img": "images/4C_Starstone_5.png"
      }
    ]
  },
	// Ra Dewdrop
	{
		"name": "Ra Dewdrop",
		"type": "toggle",
		"loop": "true",
		"img": "images/3F_RaDewdrop.png",
		"codes": "dewdrop, radewdrop, radew"
	},
	// Snowgrass Leaf
	{
		"name": "Snowgrass Leaf",
		"type": "toggle",
		"loop": "true",
		"img": "images/33_SnowgrassLeaf.png",
		"codes": "snowleaf, snowgrass, snowgrassleaf"
	},
	// Scarf
	{
		"name": "Red Scarf",
		"type": "toggle",
		"loop": "true",
		"img": "images/34_RedScarf.png",
		"codes": "scarf, redscarf"
	},
	// Seal
	{
		"name": "Holy Seal",
		"type": "toggle",
		"loop": "true",
		"img": "images/35_HolySeal.png",
		"codes": "seal, holyseal, holyzheal"
	},
	// Flower
	{
		"name": "Pretty Flower",
		"type": "toggle",
		"loop": "true",
		"img": "images/5A_PrettyFlower.png",
		"codes": "flower, prettyflower, penguinfood"
	},
	// Bell
	{
		"name": "Protect Bell",
		"type": "toggle",
		"loop": "true",
		"img": "images/36_ProtectBell.png",
		"codes": "bell, protectbell"
	},
	// Flute
	{
		"name": "Dog Whistle",
		"type": "toggle",
		"loop": "true",
		"img": "images/43_DogWhistle.png",
		"codes": "whistle, dogwhistle, flute, dogflute"
	},
	// Tower Key
	{
		"name": "Tower Key",
		"type": "toggle",
		"loop": "true",
		"img": "images/3E_TowerKey.png",
		"codes": "towerkey"
	},
	// Sewer Key
	{
		"name": "Sewer Key",
		"type": "toggle",
		"loop": "true",
		"img": "images/4B_SewerKey.png",
		"codes": "sewerkey"
	},
	// Anchor
	{
		"name": "Magic Anchor",
		"type": "toggle",
		"loop": "true",
		"img": "images/49_MagicAnchor.png",
		"codes": "anchor, magicanchor"
	}
]