{
  "shared_item_grid": {
    "type": "itemgrid",
    "h_alignment": "center",
    "item_margin": "1,1",
    "rows": [
		[ ],
		[ ],
		[ "",  "ruby", "ship", "plane", "bombs", ],
		[ "flippers",  "claws", "boots", "airherb", "starstones", ],
		[ "dewdrop",  "snowleaf", "scarf", "seal", "flower", ],
		[ "bell",  "flute", "towerkey", "sewerkey", "anchor", ],
		[ ],
		[ ]
    ]
  },
  "tracker_default": {
    "type": "container",
    "background": "#000000",
    "width": 230,
    "content": {
      "type": "layout",
      "dropshadow": false,
      "margin": 1,
      "key": "shared_item_grid"
    }
  }
}